{
  "trial": 294,
  "seq_len": 64,
  "hidden_dim": 256,
  "num_layers": 3,
  "num_heads": 2,
  "dropout": 0.42378898847749297,
  "input_dim": 41,
  "take_profit": 0.0175,
  "stop_loss": 0.0375,
  "max_hold_bars": 12,
  "val_roi": 2552.7353466358313,
  "val_sharpe": 4.835278435598253,
  "test_roi": 51.073201005676275,
  "test_sharpe": 1.7756306419754588,
  "test_trades": 58,
  "test_wl": "33/25"
}