{
  "trial": 231,
  "seq_len": 32,
  "hidden_dim": 256,
  "num_layers": 3,
  "num_heads": 2,
  "dropout": 0.40507590843212143,
  "input_dim": 41,
  "take_profit": 0.015,
  "stop_loss": 0.034999999999999996,
  "max_hold_bars": 12,
  "val_roi": 882.374512989816,
  "val_sharpe": 4.36594120031105,
  "test_roi": 63.40400381171669,
  "test_sharpe": 3.2349029441823234,
  "test_trades": 22,
  "test_wl": "14/8"
}