{
  "trial": 85,
  "seq_len": 32,
  "hidden_dim": 256,
  "num_layers": 3,
  "num_heads": 2,
  "dropout": 0.4594551069555245,
  "input_dim": 41,
  "take_profit": 0.015,
  "stop_loss": 0.034999999999999996,
  "max_hold_bars": 12,
  "val_roi": 34779.22272893387,
  "val_sharpe": 10.90385301583337,
  "test_roi": 106.19225550161295,
  "test_sharpe": 3.2076651352735936,
  "test_trades": 76,
  "test_wl": "48/28"
}