{
  "trial": 278,
  "seq_len": 32,
  "hidden_dim": 256,
  "num_layers": 3,
  "num_heads": 2,
  "dropout": 0.39916220857415513,
  "input_dim": 41,
  "take_profit": 0.015,
  "stop_loss": 0.0325,
  "max_hold_bars": 12,
  "val_roi": 5129.512674704242,
  "val_sharpe": 24.288850046999926,
  "test_roi": 87.54047847714452,
  "test_sharpe": 3.2127537168652442,
  "test_trades": 40,
  "test_wl": "27/13"
}