{
  "trial": 0,
  "seq_len": 128,
  "hidden_dim": 64,
  "num_layers": 1,
  "num_heads": 4,
  "dropout": 0.21649165607921678,
  "input_dim": 41,
  "take_profit": 0.0175,
  "stop_loss": 0.04,
  "max_hold_bars": 8,
  "val_roi": 2274.2595478819508,
  "val_sharpe": 5.164669330280385,
  "test_roi": 60.63094024158868,
  "test_sharpe": 3.293362820488332,
  "test_trades": 48,
  "test_wl": "28/20"
}