{
  "trial": 260,
  "seq_len": 32,
  "hidden_dim": 256,
  "num_layers": 3,
  "num_heads": 2,
  "dropout": 0.37636919815991465,
  "input_dim": 41,
  "take_profit": 0.015,
  "stop_loss": 0.0325,
  "max_hold_bars": 12,
  "val_roi": 1274.9230635394003,
  "val_sharpe": 11.301702303310387,
  "test_roi": 472.8326720459882,
  "test_sharpe": 17.104871262380495,
  "test_trades": 32,
  "test_wl": "27/5"
}