{
  "trial": 261,
  "seq_len": 32,
  "hidden_dim": 256,
  "num_layers": 3,
  "num_heads": 2,
  "dropout": 0.3621285435493689,
  "input_dim": 41,
  "take_profit": 0.015,
  "stop_loss": 0.0375,
  "max_hold_bars": 12,
  "val_roi": 3249.5428677837303,
  "val_sharpe": 15.554237439623973,
  "test_roi": 199.09870769805985,
  "test_sharpe": 4.484333094743329,
  "test_trades": 94,
  "test_wl": "53/41"
}