{
  "trial": 270,
  "seq_len": 128,
  "hidden_dim": 256,
  "num_layers": 3,
  "num_heads": 8,
  "dropout": 0.39330177756415163,
  "input_dim": 41,
  "take_profit": 0.015,
  "stop_loss": 0.030000000000000002,
  "max_hold_bars": 12,
  "val_roi": 3459.402918576509,
  "val_sharpe": 7.075198947064725,
  "test_roi": 329.37166537007823,
  "test_sharpe": 6.026688781800905,
  "test_trades": 83,
  "test_wl": "54/29"
}