{
  "trial": 283,
  "seq_len": 32,
  "hidden_dim": 256,
  "num_layers": 3,
  "num_heads": 2,
  "dropout": 0.15254307465940772,
  "input_dim": 41,
  "take_profit": 0.015,
  "stop_loss": 0.030000000000000002,
  "max_hold_bars": 12,
  "val_roi": 11427.177059209562,
  "val_sharpe": 7.968837093860356,
  "test_roi": 141.91030547849982,
  "test_sharpe": 3.9567290228794874,
  "test_trades": 72,
  "test_wl": "43/29"
}