{
  "trial": 144,
  "seq_len": 32,
  "hidden_dim": 256,
  "num_layers": 3,
  "num_heads": 2,
  "dropout": 0.43859903762516167,
  "input_dim": 41,
  "take_profit": 0.015,
  "stop_loss": 0.034999999999999996,
  "max_hold_bars": 12,
  "val_roi": 11342.307436220324,
  "val_sharpe": 9.607301288927381,
  "test_roi": 276.475552319261,
  "test_sharpe": 12.000903402926408,
  "test_trades": 28,
  "test_wl": "21/7"
}