{
  "trial": 58,
  "seq_len": 32,
  "hidden_dim": 256,
  "num_layers": 3,
  "num_heads": 4,
  "dropout": 0.4869833162563525,
  "input_dim": 41,
  "take_profit": 0.0125,
  "stop_loss": 0.034999999999999996,
  "max_hold_bars": 12,
  "val_roi": 2131.919669998462,
  "val_sharpe": 8.305253609683966,
  "test_roi": 301.20823149138226,
  "test_sharpe": 5.944373244694239,
  "test_trades": 109,
  "test_wl": "70/39"
}