{
  "trial": 194,
  "seq_len": 32,
  "hidden_dim": 256,
  "num_layers": 3,
  "num_heads": 2,
  "dropout": 0.3710222516339938,
  "input_dim": 41,
  "take_profit": 0.0175,
  "stop_loss": 0.034999999999999996,
  "max_hold_bars": 12,
  "val_roi": 1553.8699964163359,
  "val_sharpe": 5.822123482223379,
  "test_roi": 15.407903177299875,
  "test_sharpe": 0.8336454910041033,
  "test_trades": 38,
  "test_wl": "21/17"
}