{
  "trial": 252,
  "seq_len": 32,
  "hidden_dim": 256,
  "num_layers": 3,
  "num_heads": 8,
  "dropout": 0.37736847226458947,
  "input_dim": 41,
  "take_profit": 0.0125,
  "stop_loss": 0.034999999999999996,
  "max_hold_bars": 12,
  "val_roi": 4277.827933824253,
  "val_sharpe": 15.086958999770074,
  "test_roi": 157.05154185391686,
  "test_sharpe": 4.029792216318989,
  "test_trades": 70,
  "test_wl": "46/24"
}