{
  "trial": 245,
  "seq_len": 32,
  "hidden_dim": 256,
  "num_layers": 3,
  "num_heads": 2,
  "dropout": 0.33463784328409313,
  "input_dim": 41,
  "take_profit": 0.015,
  "stop_loss": 0.034999999999999996,
  "max_hold_bars": 12,
  "val_roi": 1055.4746675677923,
  "val_sharpe": 9.75182189416063,
  "test_roi": 81.00866905102941,
  "test_sharpe": 2.272140073537429,
  "test_trades": 75,
  "test_wl": "46/29"
}