{
  "trial": 86,
  "seq_len": 32,
  "hidden_dim": 256,
  "num_layers": 3,
  "num_heads": 2,
  "dropout": 0.4358732005854101,
  "input_dim": 41,
  "take_profit": 0.015,
  "stop_loss": 0.030000000000000002,
  "max_hold_bars": 8,
  "val_roi": 4445.312045115403,
  "val_sharpe": 10.947690092440146,
  "test_roi": 11.814747809755822,
  "test_sharpe": 0.6188968146514661,
  "test_trades": 64,
  "test_wl": "32/32"
}