{
  "trial": 232,
  "seq_len": 32,
  "hidden_dim": 256,
  "num_layers": 1,
  "num_heads": 2,
  "dropout": 0.39202791844885615,
  "input_dim": 41,
  "take_profit": 0.015,
  "stop_loss": 0.034999999999999996,
  "max_hold_bars": 12,
  "val_roi": 2081.3268876062475,
  "val_sharpe": 24.429351969054096,
  "test_roi": 86.94286974340098,
  "test_sharpe": 4.365028960300102,
  "test_trades": 28,
  "test_wl": "18/10"
}