{
  "trial": 90,
  "seq_len": 32,
  "hidden_dim": 256,
  "num_layers": 3,
  "num_heads": 8,
  "dropout": 0.33861867999708556,
  "input_dim": 41,
  "take_profit": 0.015,
  "stop_loss": 0.034999999999999996,
  "max_hold_bars": 12,
  "val_roi": 5632.312366754497,
  "val_sharpe": 22.624949049734536,
  "test_roi": 168.15794142546784,
  "test_sharpe": 4.108411246592042,
  "test_trades": 76,
  "test_wl": "48/28"
}