{
  "trial": 222,
  "seq_len": 32,
  "hidden_dim": 256,
  "num_layers": 3,
  "num_heads": 2,
  "dropout": 0.40120474628725056,
  "input_dim": 41,
  "take_profit": 0.015,
  "stop_loss": 0.034999999999999996,
  "max_hold_bars": 12,
  "val_roi": 889.4998195710945,
  "val_sharpe": 12.455059738286677,
  "test_roi": 274.68593005278655,
  "test_sharpe": 9.315266466634297,
  "test_trades": 35,
  "test_wl": "27/8"
}