{
  "trial": 210,
  "seq_len": 64,
  "hidden_dim": 256,
  "num_layers": 3,
  "num_heads": 2,
  "dropout": 0.40914606896491035,
  "input_dim": 41,
  "take_profit": 0.015,
  "stop_loss": 0.0375,
  "max_hold_bars": 12,
  "val_roi": 22083.610118494922,
  "val_sharpe": 13.163692255895787,
  "test_roi": 140.98802628085508,
  "test_sharpe": 3.2791388453161847,
  "test_trades": 105,
  "test_wl": "58/47"
}