{
  "trial": 208,
  "seq_len": 32,
  "hidden_dim": 256,
  "num_layers": 3,
  "num_heads": 2,
  "dropout": 0.383302195306919,
  "input_dim": 41,
  "take_profit": 0.015,
  "stop_loss": 0.034999999999999996,
  "max_hold_bars": 12,
  "val_roi": 22141.2223047665,
  "val_sharpe": 15.85710720419515,
  "test_roi": 0.8541365284295166,
  "test_sharpe": 0.13070221612657387,
  "test_trades": 19,
  "test_wl": "8/11"
}