{
  "trial": 114,
  "seq_len": 32,
  "hidden_dim": 256,
  "num_layers": 3,
  "num_heads": 2,
  "dropout": 0.47728824578206636,
  "input_dim": 41,
  "take_profit": 0.015,
  "stop_loss": 0.034999999999999996,
  "max_hold_bars": 12,
  "val_roi": 20628.447232521077,
  "val_sharpe": 15.396168371044247,
  "test_roi": 83.24654601099317,
  "test_sharpe": 2.4363655194889264,
  "test_trades": 70,
  "test_wl": "43/27"
}