{
  "trial": 37,
  "seq_len": 48,
  "hidden_dim": 256,
  "num_layers": 3,
  "num_heads": 4,
  "dropout": 0.45437069404327673,
  "input_dim": 41,
  "take_profit": 0.015,
  "stop_loss": 0.0075,
  "max_hold_bars": 12,
  "val_roi": 471.33622004712424,
  "val_sharpe": 8.02397466289995,
  "test_roi": 61.42079266769598,
  "test_sharpe": 2.7898943587670466,
  "test_trades": 51,
  "test_wl": "27/24"
}