{
  "trial": 71,
  "seq_len": 32,
  "hidden_dim": 256,
  "num_layers": 3,
  "num_heads": 2,
  "dropout": 0.46169449727960876,
  "input_dim": 41,
  "take_profit": 0.0125,
  "stop_loss": 0.04,
  "max_hold_bars": 12,
  "val_roi": 5818.05834617107,
  "val_sharpe": 10.943327416435835,
  "test_roi": 392.74926831425995,
  "test_sharpe": 6.525800976344155,
  "test_trades": 112,
  "test_wl": "70/42"
}