{
  "trial": 177,
  "seq_len": 32,
  "hidden_dim": 256,
  "num_layers": 3,
  "num_heads": 2,
  "dropout": 0.3733376718660332,
  "input_dim": 41,
  "take_profit": 0.0175,
  "stop_loss": 0.0375,
  "max_hold_bars": 12,
  "val_roi": 14948.728840567375,
  "val_sharpe": 11.557899183476055,
  "test_roi": 14.953105683681734,
  "test_sharpe": 1.155053259260559,
  "test_trades": 16,
  "test_wl": "7/9"
}