{
  "trial": 138,
  "seq_len": 32,
  "hidden_dim": 256,
  "num_layers": 3,
  "num_heads": 2,
  "dropout": 0.470664628850505,
  "input_dim": 41,
  "take_profit": 0.0125,
  "stop_loss": 0.034999999999999996,
  "max_hold_bars": 12,
  "val_roi": 998.005039729442,
  "val_sharpe": 4.979684603645392,
  "test_roi": 307.7434072705998,
  "test_sharpe": 6.3651877452359304,
  "test_trades": 99,
  "test_wl": "63/36"
}