{
  "trial": 224,
  "seq_len": 32,
  "hidden_dim": 256,
  "num_layers": 3,
  "num_heads": 2,
  "dropout": 0.3747772943598268,
  "input_dim": 41,
  "take_profit": 0.015,
  "stop_loss": 0.0375,
  "max_hold_bars": 12,
  "val_roi": 4899.276828018063,
  "val_sharpe": 12.807558609762767,
  "test_roi": 149.49468398170617,
  "test_sharpe": 6.604981116131105,
  "test_trades": 27,
  "test_wl": "19/8"
}