{
  "trial": 225,
  "seq_len": 32,
  "hidden_dim": 256,
  "num_layers": 3,
  "num_heads": 2,
  "dropout": 0.41553870940828724,
  "input_dim": 41,
  "take_profit": 0.015,
  "stop_loss": 0.0375,
  "max_hold_bars": 12,
  "val_roi": 19315.54731722765,
  "val_sharpe": 20.799497980052752,
  "test_roi": 136.9477042886646,
  "test_sharpe": 3.254428456460718,
  "test_trades": 79,
  "test_wl": "47/32"
}