{
  "trial": 137,
  "seq_len": 32,
  "hidden_dim": 256,
  "num_layers": 3,
  "num_heads": 8,
  "dropout": 0.4777007788519077,
  "input_dim": 41,
  "take_profit": 0.015,
  "stop_loss": 0.0375,
  "max_hold_bars": 12,
  "val_roi": 1092.5018870644888,
  "val_sharpe": 9.902239124789926,
  "test_roi": 120.60054532461399,
  "test_sharpe": 4.581785858948709,
  "test_trades": 57,
  "test_wl": "29/28"
}