{
  "trial": 75,
  "seq_len": 32,
  "hidden_dim": 256,
  "num_layers": 3,
  "num_heads": 2,
  "dropout": 0.45019293882487527,
  "input_dim": 41,
  "take_profit": 0.0125,
  "stop_loss": 0.0375,
  "max_hold_bars": 12,
  "val_roi": 3570.3148205956327,
  "val_sharpe": 10.565709892137852,
  "test_roi": 402.9562881483162,
  "test_sharpe": 16.76521889439716,
  "test_trades": 37,
  "test_wl": "31/6"
}