{
  "trial": 79,
  "seq_len": 32,
  "hidden_dim": 256,
  "num_layers": 3,
  "num_heads": 2,
  "dropout": 0.462143463529529,
  "input_dim": 41,
  "take_profit": 0.01,
  "stop_loss": 0.04,
  "max_hold_bars": 12,
  "val_roi": 4055.4791327771995,
  "val_sharpe": 18.279288017768494,
  "test_roi": 153.65326264498373,
  "test_sharpe": 3.344067948657118,
  "test_trades": 182,
  "test_wl": "109/73"
}