{
  "trial": 97,
  "seq_len": 32,
  "hidden_dim": 256,
  "num_layers": 3,
  "num_heads": 8,
  "dropout": 0.3525968597792519,
  "input_dim": 41,
  "take_profit": 0.0175,
  "stop_loss": 0.034999999999999996,
  "max_hold_bars": 12,
  "val_roi": 11609.730964233708,
  "val_sharpe": 14.715096397337732,
  "test_roi": 63.521974591807286,
  "test_sharpe": 2.4880663933056244,
  "test_trades": 33,
  "test_wl": "18/15"
}