{
  "trial": 106,
  "seq_len": 64,
  "hidden_dim": 256,
  "num_layers": 3,
  "num_heads": 2,
  "dropout": 0.2987808213444695,
  "input_dim": 41,
  "take_profit": 0.015,
  "stop_loss": 0.030000000000000002,
  "max_hold_bars": 12,
  "val_roi": 223.46698693182336,
  "val_sharpe": 4.722470751823616,
  "test_roi": 102.68102316856536,
  "test_sharpe": 3.8577946249420725,
  "test_trades": 52,
  "test_wl": "29/23"
}