{
  "trial": 247,
  "seq_len": 32,
  "hidden_dim": 256,
  "num_layers": 3,
  "num_heads": 4,
  "dropout": 0.3887771114986451,
  "input_dim": 41,
  "take_profit": 0.015,
  "stop_loss": 0.034999999999999996,
  "max_hold_bars": 8,
  "val_roi": 5432.01539540779,
  "val_sharpe": 15.253127234103971,
  "test_roi": 74.80630983501477,
  "test_sharpe": 3.177125250104147,
  "test_trades": 37,
  "test_wl": "22/15"
}