{
  "trial": 59,
  "seq_len": 32,
  "hidden_dim": 256,
  "num_layers": 3,
  "num_heads": 2,
  "dropout": 0.4995494655531469,
  "input_dim": 41,
  "take_profit": 0.015,
  "stop_loss": 0.04,
  "max_hold_bars": 12,
  "val_roi": 9495.591869881047,
  "val_sharpe": 11.952310728602372,
  "test_roi": 212.89237736318753,
  "test_sharpe": 4.356177403601372,
  "test_trades": 88,
  "test_wl": "51/37"
}