{
  "trial": 183,
  "seq_len": 32,
  "hidden_dim": 256,
  "num_layers": 3,
  "num_heads": 2,
  "dropout": 0.38745659835564866,
  "input_dim": 41,
  "take_profit": 0.0175,
  "stop_loss": 0.034999999999999996,
  "max_hold_bars": 12,
  "val_roi": 4778.559718513388,
  "val_sharpe": 16.809415330813607,
  "test_roi": 23.706930105427794,
  "test_sharpe": 1.3039403429795569,
  "test_trades": 28,
  "test_wl": "13/15"
}