{
  "trial": 66,
  "seq_len": 32,
  "hidden_dim": 256,
  "num_layers": 3,
  "num_heads": 2,
  "dropout": 0.49952732605299205,
  "input_dim": 41,
  "take_profit": 0.01,
  "stop_loss": 0.0325,
  "max_hold_bars": 12,
  "val_roi": 1023.4819480898745,
  "val_sharpe": 9.403258762201942,
  "test_roi": 758.4144521403757,
  "test_sharpe": 8.268629482062384,
  "test_trades": 146,
  "test_wl": "101/45"
}