{
  "trial": 150,
  "seq_len": 48,
  "hidden_dim": 256,
  "num_layers": 3,
  "num_heads": 2,
  "dropout": 0.38363287633061444,
  "input_dim": 41,
  "take_profit": 0.0175,
  "stop_loss": 0.04,
  "max_hold_bars": 12,
  "val_roi": 7472.203847576406,
  "val_sharpe": 12.547052644344609,
  "test_roi": 15.756707380552104,
  "test_sharpe": 0.7094008849033147,
  "test_trades": 63,
  "test_wl": "34/29"
}