{
  "trial": 264,
  "seq_len": 32,
  "hidden_dim": 256,
  "num_layers": 3,
  "num_heads": 2,
  "dropout": 0.35077000578715806,
  "input_dim": 41,
  "take_profit": 0.015,
  "stop_loss": 0.0375,
  "max_hold_bars": 12,
  "val_roi": 3049.866231067947,
  "val_sharpe": 9.508647019684716,
  "test_roi": 116.24114404423507,
  "test_sharpe": 3.7896795821002858,
  "test_trades": 62,
  "test_wl": "39/23"
}