{
  "trial": 287,
  "seq_len": 32,
  "hidden_dim": 256,
  "num_layers": 3,
  "num_heads": 2,
  "dropout": 0.3773153318609783,
  "input_dim": 41,
  "take_profit": 0.015,
  "stop_loss": 0.034999999999999996,
  "max_hold_bars": 12,
  "val_roi": 17861.66903489937,
  "val_sharpe": 13.055618708763655,
  "test_roi": 185.93220302279448,
  "test_sharpe": 4.452662903878375,
  "test_trades": 69,
  "test_wl": "46/23"
}