{
  "trial": 41,
  "seq_len": 96,
  "hidden_dim": 256,
  "num_layers": 3,
  "num_heads": 4,
  "dropout": 0.45499095581529886,
  "input_dim": 41,
  "take_profit": 0.0175,
  "stop_loss": 0.0175,
  "max_hold_bars": 12,
  "val_roi": 2306.0345389412873,
  "val_sharpe": 7.847916852058532,
  "test_roi": 2.169128946914234,
  "test_sharpe": 0.20959680498637423,
  "test_trades": 27,
  "test_wl": "14/13"
}