{
  "trial": 289,
  "seq_len": 32,
  "hidden_dim": 256,
  "num_layers": 3,
  "num_heads": 2,
  "dropout": 0.3848676549471218,
  "input_dim": 41,
  "take_profit": 0.015,
  "stop_loss": 0.034999999999999996,
  "max_hold_bars": 12,
  "val_roi": 1666.9438444611221,
  "val_sharpe": 9.057076720960135,
  "test_roi": 92.10775276497405,
  "test_sharpe": 3.0553204716432023,
  "test_trades": 60,
  "test_wl": "35/25"
}