{
  "trial": 44,
  "seq_len": 96,
  "hidden_dim": 128,
  "num_layers": 3,
  "num_heads": 4,
  "dropout": 0.47507919099527346,
  "input_dim": 41,
  "take_profit": 0.0175,
  "stop_loss": 0.02,
  "max_hold_bars": 12,
  "val_roi": 2056.8267549415623,
  "val_sharpe": 9.780521355488142,
  "test_roi": 41.615106900812584,
  "test_sharpe": 2.8220168213957852,
  "test_trades": 16,
  "test_wl": "9/7"
}