{
  "trial": 64,
  "seq_len": 32,
  "hidden_dim": 256,
  "num_layers": 3,
  "num_heads": 2,
  "dropout": 0.49763731799502237,
  "input_dim": 41,
  "take_profit": 0.015,
  "stop_loss": 0.034999999999999996,
  "max_hold_bars": 12,
  "val_roi": 3398.9942523626632,
  "val_sharpe": 8.848133828324805,
  "test_roi": 159.41888630112976,
  "test_sharpe": 4.5412794456082946,
  "test_trades": 57,
  "test_wl": "35/22"
}