{
  "trial": 134,
  "seq_len": 32,
  "hidden_dim": 256,
  "num_layers": 3,
  "num_heads": 2,
  "dropout": 0.49936460159777973,
  "input_dim": 41,
  "take_profit": 0.015,
  "stop_loss": 0.034999999999999996,
  "max_hold_bars": 12,
  "val_roi": 2249.5216271908675,
  "val_sharpe": 22.68738162606135,
  "test_roi": 163.46369554481873,
  "test_sharpe": 4.312338230322302,
  "test_trades": 74,
  "test_wl": "45/29"
}