{
  "trial": 115,
  "seq_len": 32,
  "hidden_dim": 256,
  "num_layers": 3,
  "num_heads": 2,
  "dropout": 0.47489268103639115,
  "input_dim": 41,
  "take_profit": 0.015,
  "stop_loss": 0.034999999999999996,
  "max_hold_bars": 12,
  "val_roi": 5412.726734213552,
  "val_sharpe": 15.496620794722284,
  "test_roi": 75.26612683625726,
  "test_sharpe": 2.108254514098104,
  "test_trades": 119,
  "test_wl": "65/54"
}