{
  "trial": 201,
  "seq_len": 96,
  "hidden_dim": 256,
  "num_layers": 3,
  "num_heads": 4,
  "dropout": 0.36463846644243497,
  "input_dim": 41,
  "take_profit": 0.015,
  "stop_loss": 0.0375,
  "max_hold_bars": 12,
  "val_roi": 2243.4321951122956,
  "val_sharpe": 5.510519173129118,
  "test_roi": 56.55801568005059,
  "test_sharpe": 1.8215107764093654,
  "test_trades": 82,
  "test_wl": "47/35"
}