{
  "trial": 77,
  "seq_len": 32,
  "hidden_dim": 256,
  "num_layers": 3,
  "num_heads": 2,
  "dropout": 0.4836309801172418,
  "input_dim": 41,
  "take_profit": 0.01,
  "stop_loss": 0.034999999999999996,
  "max_hold_bars": 12,
  "val_roi": 2342.0978035483654,
  "val_sharpe": 11.279654358855758,
  "test_roi": 87.82480822241921,
  "test_sharpe": 2.3068138154444005,
  "test_trades": 149,
  "test_wl": "89/60"
}