{
  "trial": 235,
  "seq_len": 32,
  "hidden_dim": 256,
  "num_layers": 3,
  "num_heads": 2,
  "dropout": 0.38370616263675117,
  "input_dim": 41,
  "take_profit": 0.015,
  "stop_loss": 0.0375,
  "max_hold_bars": 12,
  "val_roi": 215.42005195573088,
  "val_sharpe": 1.2719807962525402,
  "test_roi": 15.885686872965078,
  "test_sharpe": 0.8023646512063489,
  "test_trades": 30,
  "test_wl": "18/12"
}