{
  "trial": 3,
  "seq_len": 96,
  "hidden_dim": 256,
  "num_layers": 2,
  "num_heads": 2,
  "dropout": 0.27101640734341986,
  "input_dim": 41,
  "take_profit": 0.0175,
  "stop_loss": 0.0075,
  "max_hold_bars": 8,
  "val_roi": 2553.804548168864,
  "val_sharpe": 5.513458580850329,
  "test_roi": 21.224247864893808,
  "test_sharpe": 0.9791298223939157,
  "test_trades": 90,
  "test_wl": "43/47"
}