{
  "trial": 123,
  "seq_len": 32,
  "hidden_dim": 256,
  "num_layers": 3,
  "num_heads": 2,
  "dropout": 0.45674245389644447,
  "input_dim": 41,
  "take_profit": 0.015,
  "stop_loss": 0.030000000000000002,
  "max_hold_bars": 12,
  "val_roi": 6255.032092122288,
  "val_sharpe": 18.128216468519366,
  "test_roi": 222.18433108171135,
  "test_sharpe": 6.036379722193231,
  "test_trades": 66,
  "test_wl": "40/26"
}