{
  "trial": 81,
  "seq_len": 32,
  "hidden_dim": 256,
  "num_layers": 3,
  "num_heads": 2,
  "dropout": 0.46121373246275443,
  "input_dim": 41,
  "take_profit": 0.0125,
  "stop_loss": 0.04,
  "max_hold_bars": 12,
  "val_roi": 1534.3671365193543,
  "val_sharpe": 11.96467243431808,
  "test_roi": 582.9181159748954,
  "test_sharpe": 10.038789304005606,
  "test_trades": 90,
  "test_wl": "63/27"
}