{
  "trial": 284,
  "seq_len": 32,
  "hidden_dim": 64,
  "num_layers": 3,
  "num_heads": 2,
  "dropout": 0.3740523016398626,
  "input_dim": 41,
  "take_profit": 0.015,
  "stop_loss": 0.0325,
  "max_hold_bars": 12,
  "val_roi": 1166.41045902933,
  "val_sharpe": 6.072168748433498,
  "test_roi": 4.543447575800896,
  "test_sharpe": 0.3484026456033965,
  "test_trades": 29,
  "test_wl": "15/14"
}