{
  "trial": 74,
  "seq_len": 32,
  "hidden_dim": 256,
  "num_layers": 3,
  "num_heads": 2,
  "dropout": 0.47094696050061535,
  "input_dim": 41,
  "take_profit": 0.01,
  "stop_loss": 0.0325,
  "max_hold_bars": 12,
  "val_roi": 1962.4280929082233,
  "val_sharpe": 11.76456939537404,
  "test_roi": 382.7157694523698,
  "test_sharpe": 7.0205162747812375,
  "test_trades": 100,
  "test_wl": "71/29"
}