{
  "trial": 162,
  "seq_len": 32,
  "hidden_dim": 256,
  "num_layers": 3,
  "num_heads": 2,
  "dropout": 0.3724006747969935,
  "input_dim": 41,
  "take_profit": 0.0175,
  "stop_loss": 0.0375,
  "max_hold_bars": 12,
  "val_roi": 4406.264695715157,
  "val_sharpe": 11.473566227062298,
  "test_roi": 63.27162705541449,
  "test_sharpe": 2.741738376227299,
  "test_trades": 33,
  "test_wl": "19/14"
}