{
  "trial": 68,
  "seq_len": 32,
  "hidden_dim": 256,
  "num_layers": 3,
  "num_heads": 2,
  "dropout": 0.46602584009683884,
  "input_dim": 41,
  "take_profit": 0.015,
  "stop_loss": 0.034999999999999996,
  "max_hold_bars": 12,
  "val_roi": 9733.660091748392,
  "val_sharpe": 9.437453637743763,
  "test_roi": 95.34763526813973,
  "test_sharpe": 3.082254221143811,
  "test_trades": 77,
  "test_wl": "40/37"
}