{
  "trial": 293,
  "seq_len": 32,
  "hidden_dim": 256,
  "num_layers": 3,
  "num_heads": 8,
  "dropout": 0.48462240377420096,
  "input_dim": 41,
  "take_profit": 0.015,
  "stop_loss": 0.0325,
  "max_hold_bars": 12,
  "val_roi": 6125.848510534514,
  "val_sharpe": 11.066979249874962,
  "test_roi": 155.90488235024566,
  "test_sharpe": 5.601635697247476,
  "test_trades": 48,
  "test_wl": "26/22"
}