{
  "trial": 164,
  "seq_len": 32,
  "hidden_dim": 256,
  "num_layers": 3,
  "num_heads": 2,
  "dropout": 0.4034773118844296,
  "input_dim": 41,
  "take_profit": 0.015,
  "stop_loss": 0.034999999999999996,
  "max_hold_bars": 12,
  "val_roi": 15559.321522868015,
  "val_sharpe": 10.230025206992318,
  "test_roi": 445.5574865669121,
  "test_sharpe": 6.273990737814126,
  "test_trades": 94,
  "test_wl": "57/37"
}