{
  "trial": 5,
  "seq_len": 64,
  "hidden_dim": 64,
  "num_layers": 1,
  "num_heads": 2,
  "dropout": 0.2114585856946446,
  "input_dim": 41,
  "take_profit": 0.02,
  "stop_loss": 0.0125,
  "max_hold_bars": 16,
  "val_roi": 2087.6913981066095,
  "val_sharpe": 6.987493909186017,
  "test_roi": 52.99914452395047,
  "test_sharpe": 2.295703980294054,
  "test_trades": 42,
  "test_wl": "23/19"
}