{
  "trial": 237,
  "seq_len": 32,
  "hidden_dim": 256,
  "num_layers": 2,
  "num_heads": 2,
  "dropout": 0.41536563380200053,
  "input_dim": 41,
  "take_profit": 0.015,
  "stop_loss": 0.0375,
  "max_hold_bars": 12,
  "val_roi": 1723.2434391127097,
  "val_sharpe": 19.00093003387057,
  "test_roi": 291.4693481795985,
  "test_sharpe": 6.084247191102039,
  "test_trades": 65,
  "test_wl": "40/25"
}