{
  "trial": 198,
  "seq_len": 128,
  "hidden_dim": 256,
  "num_layers": 3,
  "num_heads": 2,
  "dropout": 0.3742086704946814,
  "input_dim": 41,
  "take_profit": 0.015,
  "stop_loss": 0.034999999999999996,
  "max_hold_bars": 12,
  "val_roi": 1858.7089563658308,
  "val_sharpe": 34.76257426064906,
  "test_roi": 109.52564278772701,
  "test_sharpe": 7.083280403943294,
  "test_trades": 18,
  "test_wl": "13/5"
}