{
  "trial": 89,
  "seq_len": 32,
  "hidden_dim": 256,
  "num_layers": 3,
  "num_heads": 2,
  "dropout": 0.3317308857955819,
  "input_dim": 41,
  "take_profit": 0.015,
  "stop_loss": 0.034999999999999996,
  "max_hold_bars": 12,
  "val_roi": 29653.986366081605,
  "val_sharpe": 11.96913646112759,
  "test_roi": 370.0514963850305,
  "test_sharpe": 7.2675974727117865,
  "test_trades": 71,
  "test_wl": "48/23"
}