{
  "trial": 217,
  "seq_len": 64,
  "hidden_dim": 128,
  "num_layers": 3,
  "num_heads": 2,
  "dropout": 0.3819812998458668,
  "input_dim": 41,
  "take_profit": 0.0125,
  "stop_loss": 0.0375,
  "max_hold_bars": 12,
  "val_roi": 4498.283974322033,
  "val_sharpe": 14.892016216795872,
  "test_roi": 645.2997862406454,
  "test_sharpe": 11.611724091130954,
  "test_trades": 67,
  "test_wl": "52/15"
}