{
  "trial": 241,
  "seq_len": 32,
  "hidden_dim": 256,
  "num_layers": 3,
  "num_heads": 8,
  "dropout": 0.35322329079140247,
  "input_dim": 41,
  "take_profit": 0.0175,
  "stop_loss": 0.034999999999999996,
  "max_hold_bars": 12,
  "val_roi": 16629.56962312461,
  "val_sharpe": 8.119894865270078,
  "test_roi": 33.89941683380731,
  "test_sharpe": 1.238272057724299,
  "test_trades": 70,
  "test_wl": "36/34"
}