{
  "trial": 209,
  "seq_len": 64,
  "hidden_dim": 256,
  "num_layers": 3,
  "num_heads": 2,
  "dropout": 0.39805066172845405,
  "input_dim": 41,
  "take_profit": 0.015,
  "stop_loss": 0.0375,
  "max_hold_bars": 12,
  "val_roi": 14624.920315240517,
  "val_sharpe": 15.76677873580889,
  "test_roi": 253.55077331698007,
  "test_sharpe": 6.6046850245563995,
  "test_trades": 52,
  "test_wl": "33/19"
}