{
  "trial": 50,
  "seq_len": 64,
  "hidden_dim": 128,
  "num_layers": 1,
  "num_heads": 2,
  "dropout": 0.16852828253676874,
  "input_dim": 41,
  "take_profit": 0.0125,
  "stop_loss": 0.025,
  "max_hold_bars": 16,
  "val_roi": 764.2093467832134,
  "val_sharpe": 6.8216039800398,
  "test_roi": 154.0945825399046,
  "test_sharpe": 3.820614246551428,
  "test_trades": 81,
  "test_wl": "50/31"
}