{
  "trial": 35,
  "seq_len": 48,
  "hidden_dim": 256,
  "num_layers": 3,
  "num_heads": 4,
  "dropout": 0.4073973617018444,
  "input_dim": 41,
  "take_profit": 0.015,
  "stop_loss": 0.0075,
  "max_hold_bars": 12,
  "val_roi": 56.16813933614282,
  "val_sharpe": 4.416291753884063,
  "test_roi": 148.77176059144972,
  "test_sharpe": 5.2743231011189495,
  "test_trades": 62,
  "test_wl": "36/26"
}