{
  "trial": 230,
  "seq_len": 32,
  "hidden_dim": 64,
  "num_layers": 3,
  "num_heads": 2,
  "dropout": 0.3809508225387125,
  "input_dim": 41,
  "take_profit": 0.015,
  "stop_loss": 0.0375,
  "max_hold_bars": 12,
  "val_roi": 6963.437530238442,
  "val_sharpe": 9.559047523168928,
  "test_roi": 206.6334586263217,
  "test_sharpe": 3.6877508503598886,
  "test_trades": 121,
  "test_wl": "70/51"
}