{
  "trial": 113,
  "seq_len": 32,
  "hidden_dim": 256,
  "num_layers": 3,
  "num_heads": 2,
  "dropout": 0.4924104627996204,
  "input_dim": 41,
  "take_profit": 0.0125,
  "stop_loss": 0.0375,
  "max_hold_bars": 12,
  "val_roi": 2600.480793037644,
  "val_sharpe": 11.391762132394584,
  "test_roi": 209.76032025065714,
  "test_sharpe": 4.2638073190708194,
  "test_trades": 112,
  "test_wl": "72/40"
}