{
  "trial": 175,
  "seq_len": 32,
  "hidden_dim": 256,
  "num_layers": 3,
  "num_heads": 2,
  "dropout": 0.366810218242689,
  "input_dim": 41,
  "take_profit": 0.0175,
  "stop_loss": 0.0375,
  "max_hold_bars": 12,
  "val_roi": 23088.78873423454,
  "val_sharpe": 11.890906477071253,
  "test_roi": 47.582460343646105,
  "test_sharpe": 2.924256918365775,
  "test_trades": 23,
  "test_wl": "11/12"
}