{
  "trial": 190,
  "seq_len": 32,
  "hidden_dim": 64,
  "num_layers": 3,
  "num_heads": 2,
  "dropout": 0.3940857534273378,
  "input_dim": 41,
  "take_profit": 0.0175,
  "stop_loss": 0.034999999999999996,
  "max_hold_bars": 12,
  "val_roi": 391.4776059444175,
  "val_sharpe": 6.9267622587219,
  "test_roi": 51.869927434649576,
  "test_sharpe": 1.9238878170756442,
  "test_trades": 47,
  "test_wl": "27/20"
}