{
  "trial": 111,
  "seq_len": 32,
  "hidden_dim": 256,
  "num_layers": 3,
  "num_heads": 2,
  "dropout": 0.49010923003799,
  "input_dim": 41,
  "take_profit": 0.0125,
  "stop_loss": 0.0375,
  "max_hold_bars": 12,
  "val_roi": 5419.932588113464,
  "val_sharpe": 13.306440198776727,
  "test_roi": 414.2281529145394,
  "test_sharpe": 7.40404503687832,
  "test_trades": 95,
  "test_wl": "64/31"
}