{
  "trial": 124,
  "seq_len": 32,
  "hidden_dim": 256,
  "num_layers": 3,
  "num_heads": 2,
  "dropout": 0.23913150516253553,
  "input_dim": 41,
  "take_profit": 0.0125,
  "stop_loss": 0.0325,
  "max_hold_bars": 12,
  "val_roi": 360.88893855825967,
  "val_sharpe": 6.2032225206785405,
  "test_roi": 490.47119832520553,
  "test_sharpe": 6.6808812032325084,
  "test_trades": 103,
  "test_wl": "67/36"
}