{
  "trial": 275,
  "seq_len": 32,
  "hidden_dim": 256,
  "num_layers": 3,
  "num_heads": 2,
  "dropout": 0.31372093734232,
  "input_dim": 41,
  "take_profit": 0.015,
  "stop_loss": 0.0275,
  "max_hold_bars": 12,
  "val_roi": 651.3109411290039,
  "val_sharpe": 4.872487462780753,
  "test_roi": 121.03708093755334,
  "test_sharpe": 4.4071970801727405,
  "test_trades": 52,
  "test_wl": "31/21"
}