{
  "trial": 288,
  "seq_len": 32,
  "hidden_dim": 256,
  "num_layers": 3,
  "num_heads": 2,
  "dropout": 0.3774860411611013,
  "input_dim": 41,
  "take_profit": 0.015,
  "stop_loss": 0.0325,
  "max_hold_bars": 12,
  "val_roi": 10568.883918663878,
  "val_sharpe": 13.197895863748633,
  "test_roi": 117.75245273235622,
  "test_sharpe": 3.974142086928152,
  "test_trades": 54,
  "test_wl": "32/22"
}