{
  "trial": 61,
  "seq_len": 32,
  "hidden_dim": 256,
  "num_layers": 3,
  "num_heads": 2,
  "dropout": 0.47970519647610843,
  "input_dim": 41,
  "take_profit": 0.015,
  "stop_loss": 0.0375,
  "max_hold_bars": 12,
  "val_roi": 10844.586139606823,
  "val_sharpe": 30.605014269317948,
  "test_roi": 84.20083491207878,
  "test_sharpe": 4.121783734353824,
  "test_trades": 37,
  "test_wl": "22/15"
}