{
  "trial": 131,
  "seq_len": 32,
  "hidden_dim": 256,
  "num_layers": 3,
  "num_heads": 2,
  "dropout": 0.41189424919647966,
  "input_dim": 41,
  "take_profit": 0.015,
  "stop_loss": 0.030000000000000002,
  "max_hold_bars": 12,
  "val_roi": 1740.566251920436,
  "val_sharpe": 8.61380204492884,
  "test_roi": 652.172124941036,
  "test_sharpe": 8.38970284910608,
  "test_trades": 94,
  "test_wl": "61/33"
}