{
  "trial": 184,
  "seq_len": 32,
  "hidden_dim": 256,
  "num_layers": 3,
  "num_heads": 2,
  "dropout": 0.36498368822031685,
  "input_dim": 41,
  "take_profit": 0.015,
  "stop_loss": 0.0375,
  "max_hold_bars": 12,
  "val_roi": 2605.7915285609565,
  "val_sharpe": 5.194607631293169,
  "test_roi": 9.757464158931572,
  "test_sharpe": 0.4777457630417656,
  "test_trades": 79,
  "test_wl": "41/38"
}