{
  "trial": 290,
  "seq_len": 32,
  "hidden_dim": 256,
  "num_layers": 3,
  "num_heads": 2,
  "dropout": 0.2894979629808472,
  "input_dim": 41,
  "take_profit": 0.0175,
  "stop_loss": 0.034999999999999996,
  "max_hold_bars": 12,
  "val_roi": 1561.648725783875,
  "val_sharpe": 12.290991508133851,
  "test_roi": 73.98043078767549,
  "test_sharpe": 2.6247389465533777,
  "test_trades": 54,
  "test_wl": "28/26"
}