{
  "trial": 268,
  "seq_len": 32,
  "hidden_dim": 256,
  "num_layers": 3,
  "num_heads": 2,
  "dropout": 0.3963744498153153,
  "input_dim": 41,
  "take_profit": 0.015,
  "stop_loss": 0.0325,
  "max_hold_bars": 12,
  "val_roi": 2551.0025967714287,
  "val_sharpe": 13.387227138241572,
  "test_roi": 187.22190744843866,
  "test_sharpe": 4.9312351358458395,
  "test_trades": 67,
  "test_wl": "39/28"
}