{
  "trial": 255,
  "seq_len": 32,
  "hidden_dim": 256,
  "num_layers": 3,
  "num_heads": 2,
  "dropout": 0.3833134082259294,
  "input_dim": 41,
  "take_profit": 0.015,
  "stop_loss": 0.0325,
  "max_hold_bars": 12,
  "val_roi": 15319.598975637562,
  "val_sharpe": 15.670236188497027,
  "test_roi": 451.15089926690894,
  "test_sharpe": 7.09885505959627,
  "test_trades": 81,
  "test_wl": "57/24"
}