{
  "trial": 148,
  "seq_len": 32,
  "hidden_dim": 256,
  "num_layers": 3,
  "num_heads": 2,
  "dropout": 0.39422643379193545,
  "input_dim": 41,
  "take_profit": 0.015,
  "stop_loss": 0.0375,
  "max_hold_bars": 12,
  "val_roi": 20024.32983645798,
  "val_sharpe": 16.247533794080383,
  "test_roi": 18.41478046581266,
  "test_sharpe": 0.8271813151331763,
  "test_trades": 47,
  "test_wl": "27/20"
}