{
  "trial": 80,
  "seq_len": 32,
  "hidden_dim": 256,
  "num_layers": 3,
  "num_heads": 2,
  "dropout": 0.44696015711607606,
  "input_dim": 41,
  "take_profit": 0.01,
  "stop_loss": 0.0375,
  "max_hold_bars": 12,
  "val_roi": 243.69074851828404,
  "val_sharpe": 7.025874607051041,
  "test_roi": 473.46738881905895,
  "test_sharpe": 6.380204209880864,
  "test_trades": 155,
  "test_wl": "107/48"
}