{
  "trial": 258,
  "seq_len": 32,
  "hidden_dim": 256,
  "num_layers": 3,
  "num_heads": 2,
  "dropout": 0.3704430539716676,
  "input_dim": 41,
  "take_profit": 0.0125,
  "stop_loss": 0.0325,
  "max_hold_bars": 16,
  "val_roi": 510.6229527955122,
  "val_sharpe": 5.225732883552921,
  "test_roi": 192.6719211055913,
  "test_sharpe": 3.9235944924612145,
  "test_trades": 113,
  "test_wl": "69/44"
}