{
  "trial": 228,
  "seq_len": 32,
  "hidden_dim": 256,
  "num_layers": 3,
  "num_heads": 4,
  "dropout": 0.41775762645003445,
  "input_dim": 41,
  "take_profit": 0.015,
  "stop_loss": 0.0375,
  "max_hold_bars": 12,
  "val_roi": 2462.8503522253727,
  "val_sharpe": 10.640985053503597,
  "test_roi": 150.20160536150547,
  "test_sharpe": 4.171640781986545,
  "test_trades": 57,
  "test_wl": "35/22"
}