{
  "trial": 62,
  "seq_len": 32,
  "hidden_dim": 256,
  "num_layers": 3,
  "num_heads": 2,
  "dropout": 0.49879450436409983,
  "input_dim": 41,
  "take_profit": 0.015,
  "stop_loss": 0.0375,
  "max_hold_bars": 12,
  "val_roi": 2686.244058488444,
  "val_sharpe": 11.309980909359377,
  "test_roi": 233.81838502521205,
  "test_sharpe": 6.143421679334619,
  "test_trades": 48,
  "test_wl": "32/16"
}