{"mean": {"Returns": 8.079886859100352e-06, "SMA_10": 106085.96003497437, "SMA_50": 106074.75429942057, "EMA_12": 106085.37543245693, "EMA_26": 106081.54983098639, "RSI_14": 50.44061401660877, "MACD": 3.8256014705450796, "MACD_hist": -0.06226837312736399, "MACD_signal": 3.8878698436724415, "BB_width": 1.1892476019156428, "BB_pct": 0.5076094628263917, "ATR_14": 278.83336888857247, "Vol_Ratio": 1.0380715744101972, "1h_RSI_14": 50.934559429430976, "1h_MACD": 13.611404670074911, "1h_MACD_hist": 0.6277080463235684, "1h_BB_width": 2.496023257838403, "1h_BB_pct": 0.515661281696972, "1h_ATR_14": 588.892817336032, "1h_Vol_Ratio": 1.031888365277111, "4h_RSI_14": 51.35604657083754, "4h_MACD": 40.87080308849069, "4h_MACD_hist": 2.4193176919913157, "4h_BB_width": 5.212137301286324, "4h_BB_pct": 0.5232050088060788, "4h_ATR_14": 1221.8239698006005, "4h_Vol_Ratio": 1.0153740489323624, "RealVol_12": 0.001793879080865927, "RealVol_48": 0.0019018491149327297, "Vol_Regime": 0.9560225379841713, "Mom_4": 3.243634220337805e-05, "Mom_16": 0.00013433607900275636, "Mom_48": 0.0004273838883657716, "Mom_96": 0.0007938186920341784, "Vol_Imbalance": 0.001788126768001012, "Body_Ratio": 0.5100844467032586, "Hour_sin": 0.0002732026598138615, "Hour_cos": 0.00035604463819709415, "DOW_sin": 0.004876306746456655, "DOW_cos": -0.0047641260918886786, "Dist_SMA50": 0.00017767221350684784}, "std": {"Returns": 0.0021051607154333896, "SMA_10": 10621.183891204482, "SMA_50": 10630.382245653906, "EMA_12": 10619.582766839092, "EMA_26": 10620.021045123423, "RSI_14": 11.269611374836124, "MACD": 243.35023673138662, "MACD_hist": 71.8312167501029, "MACD_signal": 229.76855415628089, "BB_width": 0.9391138836723447, "BB_pct": 0.330806962557411, "ATR_14": 130.88488851130745, "Vol_Ratio": 0.7970598747691466, "1h_RSI_14": 11.773756801995304, "1h_MACD": 475.65931640065287, "1h_MACD_hist": 145.76931358500948, "1h_BB_width": 1.7393379936706912, "1h_BB_pct": 0.33386053323763476, "1h_ATR_14": 211.50775640194328, "1h_Vol_Ratio": 0.785718632295855, "4h_RSI_14": 12.295332102251713, "4h_MACD": 947.2871225049385, "4h_MACD_hist": 282.2627298658475, "4h_BB_width": 2.9948437712286973, "4h_BB_pct": 0.33513983020841825, "4h_ATR_14": 326.0258076026999, "4h_Vol_Ratio": 0.6754420542014238, "RealVol_12": 0.0011242053282213755, "RealVol_48": 0.0009524643424576677, "Vol_Regime": 0.32333769242861055, "Mom_4": 0.004155494091504807, "Mom_16": 0.008292354584291225, "Mom_48": 0.014442049961967412, "Mom_96": 0.020142825357676197, "Vol_Imbalance": 0.5799865757731871, "Body_Ratio": 0.2760265138109546, "Hour_sin": 0.7071599218618767, "Hour_cos": 0.7070829732123751, "DOW_sin": 0.707162130296007, "DOW_cos": 0.707048040647375, "Dist_SMA50": 0.00839286153483904}}