{"mean": {"Returns": 4.069493667223161e-06, "SMA_10": 106184.69122822961, "SMA_50": 106175.82803607488, "EMA_12": 106184.1815278329, "EMA_26": 106181.32520013594, "RSI_14": 50.40013817018701, "MACD": 2.856327696978783, "MACD_hist": -0.3083008649238692, "MACD_signal": 3.1646285619026524, "BB_width": 1.1719726219096678, "BB_pct": 0.5064501284063921, "ATR_14": 275.9437793892523, "Vol_Ratio": 1.038650057862448, "1h_RSI_14": 50.85529513030686, "1h_MACD": 13.605503449574389, "1h_MACD_hist": -0.19867328533246895, "1h_BB_width": 2.4625437367784824, "1h_BB_pct": 0.5137863958717225, "1h_ATR_14": 582.8922254594366, "1h_Vol_Ratio": 1.033821945184001, "4h_RSI_14": 51.340957536146206, "4h_MACD": 47.99211682637088, "4h_MACD_hist": 2.1416891631554114, "4h_BB_width": 5.144267539872027, "4h_BB_pct": 0.5220450702240689, "4h_ATR_14": 1213.9137515793982, "4h_Vol_Ratio": 1.0138295007949865, "RealVol_12": 0.0017692937640969703, "RealVol_48": 0.0018731664453801064, "Vol_Regime": 0.9567223991723204, "Mom_4": 1.6450305045239153e-05, "Mom_16": 8.950941807967369e-05, "Mom_48": 0.00036031646259603674, "Mom_96": 0.0007569385329054614, "Vol_Imbalance": 0.0013878466392900407, "Body_Ratio": 0.510108616313144, "Hour_sin": 0.00044494503146688913, "Hour_cos": -5.857812468175954e-05, "DOW_sin": -0.006380009808307025, "DOW_cos": -0.0028785420927064046, "Dist_SMA50": 0.00013219376020963676}, "std": {"Returns": 0.0020701973855348998, "SMA_10": 10411.5548190618, "SMA_50": 10416.182336290485, "EMA_12": 10409.805182764916, "EMA_26": 10408.347618552269, "RSI_14": 11.272777751940747, "MACD": 241.05896955738757, "MACD_hist": 71.12417705237854, "MACD_signal": 227.95500928673658, "BB_width": 0.9138599545908128, "BB_pct": 0.3310691303071529, "ATR_14": 128.39455203989084, "Vol_Ratio": 0.7979373839635527, "1h_RSI_14": 11.852087847718277, "1h_MACD": 474.3564322206291, "1h_MACD_hist": 143.65228815816837, "1h_BB_width": 1.7136775616920497, "1h_BB_pct": 0.33432027458008684, "1h_ATR_14": 207.34290598166862, "1h_Vol_Ratio": 0.787482803201835, "4h_RSI_14": 12.302928194915227, "4h_MACD": 939.7640832115042, "4h_MACD_hist": 282.1298917267468, "4h_BB_width": 2.9166059140966025, "4h_BB_pct": 0.33579323516670967, "4h_ATR_14": 319.62288378944726, "4h_Vol_Ratio": 0.6770367309484999, "RealVol_12": 0.0010842726591624005, "RealVol_48": 0.0009035406377693513, "Vol_Regime": 0.3237571040582622, "Mom_4": 0.004067509370762743, "Mom_16": 0.008121398024881283, "Mom_48": 0.014222244380829339, "Mom_96": 0.019906699221074766, "Vol_Imbalance": 0.5800088823850379, "Body_Ratio": 0.27602641516123877, "Hour_sin": 0.7069778458678019, "Hour_cos": 0.7072650221428107, "DOW_sin": 0.7061128015132571, "DOW_cos": 0.7080942073463775, "Dist_SMA50": 0.00824736791365951}}