{"mean": {"Returns": 4.380168572101436e-06, "SMA_10": 105993.47614298096, "SMA_50": 105987.08684366204, "EMA_12": 105993.13317733875, "EMA_26": 105991.00955135222, "RSI_14": 50.38468994385474, "MACD": 2.123625986517597, "MACD_hist": -0.1879841302204321, "MACD_signal": 2.31161011673803, "BB_width": 1.1774249473668277, "BB_pct": 0.5067955849969005, "ATR_14": 276.5880823828291, "Vol_Ratio": 1.0383037480051558, "1h_RSI_14": 50.78762499968015, "1h_MACD": 10.604838621484712, "1h_MACD_hist": -0.22710424429110038, "1h_BB_width": 2.476535491584943, "1h_BB_pct": 0.5132648768414674, "1h_ATR_14": 584.0537379832548, "1h_Vol_Ratio": 1.0336824202812056, "4h_RSI_14": 51.21355647291444, "4h_MACD": 38.539413372048045, "4h_MACD_hist": 1.3059684652344785, "4h_BB_width": 5.1547806307187765, "4h_BB_pct": 0.5192171928125856, "4h_ATR_14": 1214.2355721119688, "4h_Vol_Ratio": 1.0162822780373042, "RealVol_12": 0.0017783983161073012, "RealVol_48": 0.0018844973448160598, "Vol_Regime": 0.9563903537232908, "Mom_4": 1.707301543520937e-05, "Mom_16": 7.859877864178916e-05, "Mom_48": 0.00029433269664363884, "Mom_96": 0.0006482989380702907, "Vol_Imbalance": 0.0015558289133690045, "Body_Ratio": 0.509917989316146, "Hour_sin": 7.515384794005634e-05, "Hour_cos": 0.0011466261425935932, "DOW_sin": 0.000984134958440678, "DOW_cos": -0.0008535412322387304, "Dist_SMA50": 0.00010406687556081812}, "std": {"Returns": 0.002083703096075355, "SMA_10": 10536.859875717528, "SMA_50": 10536.870667975967, "EMA_12": 10534.816223137681, "EMA_26": 10532.003052868678, "RSI_14": 11.272915948220806, "MACD": 241.53110852742523, "MACD_hist": 71.29408047298486, "MACD_signal": 228.52952099890064, "BB_width": 0.9227369531689202, "BB_pct": 0.33089126203749586, "ATR_14": 128.390169951706, "Vol_Ratio": 0.7975070345678683, "1h_RSI_14": 11.862723870387015, "1h_MACD": 474.347766666551, "1h_MACD_hist": 143.9604446971291, "1h_BB_width": 1.7214582834170051, "1h_BB_pct": 0.33433011419057285, "1h_ATR_14": 206.95698128113372, "1h_Vol_Ratio": 0.7896808581101896, "4h_RSI_14": 12.320927755466776, "4h_MACD": 940.0293692131287, "4h_MACD_hist": 281.3406576749022, "4h_BB_width": 2.9050785475879275, "4h_BB_pct": 0.33581940227475443, "4h_ATR_14": 318.155697895831, "4h_Vol_Ratio": 0.678560990164055, "RealVol_12": 0.0010979240232538944, "RealVol_48": 0.0009156732753921325, "Vol_Regime": 0.3242878140777258, "Mom_4": 0.004097882299981184, "Mom_16": 0.008162661917625023, "Mom_48": 0.01428818521145104, "Mom_96": 0.01994658774160417, "Vol_Imbalance": 0.5797338921041818, "Body_Ratio": 0.2758019535523965, "Hour_sin": 0.7069550256154679, "Hour_cos": 0.7072867517978403, "DOW_sin": 0.7071581831573854, "DOW_cos": 0.7070833648411374, "Dist_SMA50": 0.008282673472365023}}