{"mean": {"Returns": 1.260425623058241e-05, "SMA_10": 3620.5303458527646, "SMA_50": 3619.618460867755, "EMA_12": 3620.484569278113, "EMA_26": 3620.165478241904, "RSI_14": 51.40349355566336, "MACD": 0.3190910362091146, "MACD_hist": -0.00033911583411878985, "MACD_signal": 0.3194301520432335, "BB_width": 0.5797239193502388, "BB_pct": 0.5229290285314193, "ATR_14": 4.747216790342037, "Vol_Ratio": 1.0357720149734289, "1h_RSI_14": 52.39588368126649, "1h_MACD": 1.3185782838794162, "1h_MACD_hist": -0.01365614278589496, "1h_BB_width": 1.205469822565592, "1h_BB_pct": 0.5406789466705465, "1h_ATR_14": 10.319253918175185, "1h_Vol_Ratio": 1.041640315447111, "4h_RSI_14": 54.36471365260977, "4h_MACD": 5.662686653377708, "4h_MACD_hist": -0.06462412866967321, "4h_BB_width": 2.6275848407325544, "4h_BB_pct": 0.5665498589399132, "4h_ATR_14": 21.667793132259824, "4h_Vol_Ratio": 1.0405145734941708, "RealVol_12": 0.0008793850534940941, "RealVol_48": 0.0009299117213837852, "Vol_Regime": 0.9565704751894155, "Mom_4": 5.007504399806863e-05, "Mom_16": 0.00020102089182888282, "Mom_48": 0.0006076376166041495, "Mom_96": 0.0012342009479022814, "Vol_Imbalance": 0.018066158105392496, "Body_Ratio": 0.5411946462564422, "Hour_sin": -0.0006359685207142018, "Hour_cos": -2.0819453697581723e-05, "DOW_sin": -0.0012276451635023157, "DOW_cos": 0.006150705938028295, "Dist_SMA50": 0.0003001633427899144}, "std": {"Returns": 0.0010902504397120474, "SMA_10": 356.05475866790107, "SMA_50": 355.4581629898554, "EMA_12": 356.003819014035, "EMA_26": 355.76825679018447, "RSI_14": 11.558272863542518, "MACD": 4.464105683588418, "MACD_hist": 1.301959462132484, "MACD_signal": 4.220398972620672, "BB_width": 0.4887672688653325, "BB_pct": 0.3284238342430218, "ATR_14": 3.4677586390471906, "Vol_Ratio": 1.0252860194503688, "1h_RSI_14": 12.046220925325198, "1h_MACD": 8.97283093930271, "1h_MACD_hist": 2.743209521377744, "1h_BB_width": 0.9502931575147993, "1h_BB_pct": 0.3311875495838555, "1h_ATR_14": 6.294164663601475, "1h_Vol_Ratio": 0.8714191656106988, "4h_RSI_14": 13.224795751594092, "4h_MACD": 17.362977109043417, "4h_MACD_hist": 5.325034962510145, "4h_BB_width": 1.728360257103325, "4h_BB_pct": 0.33949225156626317, "4h_ATR_14": 11.061285687375396, "4h_Vol_Ratio": 0.7845932106091134, "RealVol_12": 0.0006536987733175931, "RealVol_48": 0.000572040098195534, "Vol_Regime": 0.3204583130894511, "Mom_4": 0.0021008990119699674, "Mom_16": 0.004141368032507714, "Mom_48": 0.007285053096337505, "Mom_96": 0.010387289575871494, "Vol_Imbalance": 0.6229286194776312, "Body_Ratio": 0.3089702627945953, "Hour_sin": 0.7073157107167187, "Hour_cos": 0.7069269559921308, "DOW_sin": 0.7083757329183704, "DOW_cos": 0.7058371779095883, "Dist_SMA50": 0.004199682898030016}}