{"mean": {"Returns": 1.2411965055628792e-05, "SMA_10": 3619.417686225447, "SMA_50": 3618.511217323491, "EMA_12": 3619.372275131717, "EMA_26": 3619.055754358251, "RSI_14": 51.39794391316523, "MACD": 0.3165207734661526, "MACD_hist": -0.000866918871084711, "MACD_signal": 0.3173876923372373, "BB_width": 0.5797762427852745, "BB_pct": 0.5227073427455853, "ATR_14": 4.744690993686882, "Vol_Ratio": 1.0355728513394078, "1h_RSI_14": 52.38629734833161, "1h_MACD": 1.311609038083666, "1h_MACD_hist": -0.014707160631585586, "1h_BB_width": 1.2059078050148158, "1h_BB_pct": 0.5403197925579011, "1h_ATR_14": 10.31647590537756, "1h_Vol_Ratio": 1.0409852925495497, "4h_RSI_14": 54.35570057185395, "4h_MACD": 5.655506585963006, "4h_MACD_hist": -0.06409358622176778, "4h_BB_width": 2.629320936672162, "4h_BB_pct": 0.5662260822695103, "4h_ATR_14": 21.667760471773107, "4h_Vol_Ratio": 1.0398611019982407, "RealVol_12": 0.0008791787303447534, "RealVol_48": 0.0009300337702501245, "Vol_Regime": 0.9562432415597033, "Mom_4": 4.9408126501648036e-05, "Mom_16": 0.0001989197990030456, "Mom_48": 0.0006049926279452261, "Mom_96": 0.0012265965458860548, "Vol_Imbalance": 0.017906683919861992, "Body_Ratio": 0.5413623632513302, "Hour_sin": 0.0002599115534831128, "Hour_cos": 0.0007656747461451534, "DOW_sin": -0.002733869594119815, "DOW_cos": 0.006503550121525962, "Dist_SMA50": 0.0002982622898083593}, "std": {"Returns": 0.0010903025172755022, "SMA_10": 355.19982680046104, "SMA_50": 354.61199411992874, "EMA_12": 355.1494540801134, "EMA_26": 354.91823069667504, "RSI_14": 11.56230754298863, "MACD": 4.4662582643388475, "MACD_hist": 1.3022929526602236, "MACD_signal": 4.22266564821241, "BB_width": 0.4890658207821688, "BB_pct": 0.32843916799833733, "ATR_14": 3.469371054363473, "Vol_Ratio": 1.0255845632082665, "1h_RSI_14": 12.051791904242046, "1h_MACD": 8.97786689058249, "1h_MACD_hist": 2.7450511815672116, "1h_BB_width": 0.9509565427744167, "1h_BB_pct": 0.3312507760268498, "1h_ATR_14": 6.298452515105522, "1h_Vol_Ratio": 0.8715461544078671, "4h_RSI_14": 13.232764689376365, "4h_MACD": 17.375384827060408, "4h_MACD_hist": 5.32905576893974, "4h_BB_width": 1.7291268002866294, "4h_BB_pct": 0.3396368346435743, "4h_ATR_14": 11.06980628135194, "4h_Vol_Ratio": 0.7849632515937338, "RealVol_12": 0.0006540497420204455, "RealVol_48": 0.0005724472524949439, "Vol_Regime": 0.320410637124939, "Mom_4": 0.002101173177773959, "Mom_16": 0.004143189355133131, "Mom_48": 0.007290087655305935, "Mom_96": 0.010393060494952212, "Vol_Imbalance": 0.6231013977677631, "Body_Ratio": 0.30901550716591547, "Hour_sin": 0.7072968747960944, "Hour_cos": 0.7069456711521284, "DOW_sin": 0.7078826539350623, "DOW_cos": 0.7063243453762623, "Dist_SMA50": 0.00420213774387613}}