{"mean": {"Returns": -5.507166469514951e-06, "SMA_10": 4556.604794901241, "SMA_50": 4557.148770774002, "EMA_12": 4556.631729058472, "EMA_26": 4556.822269457764, "RSI_14": 49.74171991511986, "MACD": -0.19054039929222638, "MACD_hist": 0.0002354312393197953, "MACD_signal": -0.1907758305315462, "BB_width": 0.3503620053976521, "BB_pct": 0.49033473046623083, "ATR_14": 2.8271131133645038, "Vol_Ratio": 1.0390300610776364, "1h_RSI_14": 43.605035833260196, "1h_MACD": -12.122785414016851, "1h_MACD_hist": 0.026894560192766374, "1h_BB_width": 3.1572296987180906, "1h_BB_pct": 0.3757366782089707, "1h_ATR_14": 30.098377301440465, "1h_Vol_Ratio": 1.0764037862980695, "4h_RSI_14": 35.956051433630805, "4h_MACD": -53.33269703486395, "4h_MACD_hist": 1.523935580824916, "4h_BB_width": 7.052773611196878, "4h_BB_pct": 0.32934310946650064, "4h_ATR_14": 61.4097969064391, "4h_Vol_Ratio": 1.0282782958970287, "RealVol_12": 0.0005034385183605048, "RealVol_48": 0.0005282884710957394, "Vol_Regime": 0.9254779196424808, "Mom_4": -2.195840734433011e-05, "Mom_16": -8.752220477064472e-05, "Mom_48": -0.000264743853791816, "Mom_96": -0.0005360369858873447, "Vol_Imbalance": -0.023484972417177435, "Body_Ratio": 0.6144299798935638, "Hour_sin": -0.007493832607405565, "Hour_cos": -0.0017473166945146754, "DOW_sin": -0.0276532035599625, "DOW_cos": -0.12936556623930803, "Dist_SMA50": -0.0001384459726029567}, "std": {"Returns": 0.0007083616951615338, "SMA_10": 166.6644611321761, "SMA_50": 167.09863648659834, "EMA_12": 166.6552270370688, "EMA_26": 166.77206638359118, "RSI_14": 14.861346089356266, "MACD": 3.613712490889626, "MACD_hist": 1.0748299652221456, "MACD_signal": 3.408077347600737, "BB_width": 0.38670773516747514, "BB_pct": 0.3387731436854456, "ATR_14": 2.8449497964355746, "Vol_Ratio": 1.52951671888599, "1h_RSI_14": 13.009396073059078, "1h_MACD": 24.850001386106907, "1h_MACD_hist": 7.9961351540693935, "1h_BB_width": 2.334740925850603, "1h_BB_pct": 0.33456086086308073, "1h_ATR_14": 15.979940348460543, "1h_Vol_Ratio": 1.3561597843182145, "4h_RSI_14": 14.405694068184813, "4h_MACD": 43.124028088489574, "4h_MACD_hist": 15.005243612834795, "4h_BB_width": 3.110723342414099, "4h_BB_pct": 0.3033228193847545, "4h_ATR_14": 17.71563264151088, "4h_Vol_Ratio": 1.5075717221242253, "RealVol_12": 0.0004972116892199334, "RealVol_48": 0.00047203672706789434, "Vol_Regime": 0.3653963299568265, "Mom_4": 0.0014355393878431111, "Mom_16": 0.0028553378999943736, "Mom_48": 0.004939707855673935, "Mom_96": 0.007054024542311869, "Vol_Imbalance": 0.7180599362720806, "Body_Ratio": 0.37231138766095595, "Hour_sin": 0.7094170980459449, "Hour_cos": 0.7047876195849074, "DOW_sin": 0.7295729419818101, "DOW_cos": 0.671028754827899, "Dist_SMA50": 0.002858792127583616}}