{"mean": {"Returns": 4.593368074767818e-06, "SMA_10": 105363.75398171315, "SMA_50": 105356.59263533069, "EMA_12": 105363.36897801876, "EMA_26": 105361.00352016331, "RSI_14": 50.40244460751193, "MACD": 2.3654578554558414, "MACD_hist": -0.19316754510821466, "MACD_signal": 2.5586254005640585, "BB_width": 1.177302364278833, "BB_pct": 0.5076982499681579, "ATR_14": 275.16534822986154, "Vol_Ratio": 1.038398128732221, "1h_RSI_14": 50.81567901551282, "1h_MACD": 11.320272396127137, "1h_MACD_hist": -0.1884843765769284, "1h_BB_width": 2.471502389627282, "1h_BB_pct": 0.5142330716333564, "1h_ATR_14": 581.4512983296181, "1h_Vol_Ratio": 1.0330187986173753, "4h_RSI_14": 51.177227488328, "4h_MACD": 34.87940523002465, "4h_MACD_hist": 3.235368808355567, "4h_BB_width": 5.09919136631776, "4h_BB_pct": 0.5198688365531782, "4h_ATR_14": 1211.5674495038452, "4h_Vol_Ratio": 1.0137260745495025, "RealVol_12": 0.0017806161328625197, "RealVol_48": 0.0018892794965968945, "Vol_Regime": 0.9549118238638596, "Mom_4": 1.8107488382828114e-05, "Mom_16": 8.450709476191692e-05, "Mom_48": 0.0003135607518864489, "Mom_96": 0.0006799846308091283, "Vol_Imbalance": 0.0023015032958058055, "Body_Ratio": 0.5093686935527473, "Hour_sin": 0.0004252504525840319, "Hour_cos": 0.0011298633492836934, "DOW_sin": -0.000466100993871803, "DOW_cos": -0.0072819499494559, "Dist_SMA50": 0.00011391792003012392}, "std": {"Returns": 0.0020889434288341047, "SMA_10": 10871.65709865992, "SMA_50": 10872.707146172896, "EMA_12": 10869.75497887413, "EMA_26": 10867.397226620049, "RSI_14": 11.231494453807736, "MACD": 239.70106553200722, "MACD_hist": 71.03878668483685, "MACD_signal": 226.6778683160027, "BB_width": 0.924417520582453, "BB_pct": 0.33062083481635235, "ATR_14": 128.30454657193008, "Vol_Ratio": 0.8020266564151768, "1h_RSI_14": 11.7800178760971, "1h_MACD": 467.91276995110655, "1h_MACD_hist": 142.76512818265414, "1h_BB_width": 1.713698285053314, "1h_BB_pct": 0.3335124892298929, "1h_ATR_14": 206.2202555235826, "1h_Vol_Ratio": 0.7929916162945707, "4h_RSI_14": 12.15215529579439, "4h_MACD": 925.2587445333653, "4h_MACD_hist": 277.8187771054972, "4h_BB_width": 2.8750754316103753, "4h_BB_pct": 0.3347116119959774, "4h_ATR_14": 315.2716076388577, "4h_Vol_Ratio": 0.6779243243073786, "RealVol_12": 0.0011053612538584258, "RealVol_48": 0.0009198843072525295, "Vol_Regime": 0.3264585575675112, "Mom_4": 0.004105362558551484, "Mom_16": 0.008159718476189827, "Mom_48": 0.014213360637537328, "Mom_96": 0.01971994459561342, "Vol_Imbalance": 0.5791639501339333, "Body_Ratio": 0.2756254251130141, "Hour_sin": 0.7070788287300531, "Hour_cos": 0.7071618730526434, "DOW_sin": 0.7059919772522766, "DOW_cos": 0.7082103671322858, "Dist_SMA50": 0.008253625777611419}}