{
  "trial": 383,
  "seq_len": 128,
  "hidden_dim": 256,
  "num_layers": 1,
  "num_heads": 8,
  "dropout": 0.20173617480411798,
  "input_dim": 41,
  "val_roi": 112.11776937364823,
  "val_sharpe": 2.2294931386591474,
  "test_roi": 272.47214637894353,
  "test_sharpe": 6.793654550524165,
  "test_trades": 76,
  "test_wl": "46/30"
}