{
  "trial": 255,
  "seq_len": 128,
  "hidden_dim": 64,
  "num_layers": 1,
  "num_heads": 4,
  "dropout": 0.22838102089976742,
  "input_dim": 41,
  "val_roi": 182.26185952344107,
  "val_sharpe": 5.51565378912149,
  "test_roi": 487.48181278362483,
  "test_sharpe": 7.3080644800524475,
  "test_trades": 105,
  "test_wl": "61/44"
}