{
  "trial": 255,
  "seq_len": 64,
  "hidden_dim": 256,
  "num_layers": 1,
  "num_heads": 8,
  "dropout": 0.21706972314487663,
  "input_dim": 41,
  "val_roi": 59.891813112299154,
  "val_sharpe": 1.0840453733160713,
  "test_roi": 218.55337574980717,
  "test_sharpe": 4.811963784201384,
  "test_trades": 108,
  "test_wl": "57/51"
}